Transaction ID,Date,Supplier ID,Category,Quantity,Unit Price,Total Spend,Contract Type
T00001,2023-01-01,S001,Packaging,674,120.41,81156.34,Volume-based Discount
T00002,2023-01-02,S037,Raw Materials,963,189.02,182026.26,Volume-based Discount
T00003,2023-01-03,S035,Packaging,842,249.03,209683.26,Fixed
T00004,2023-01-04,S027,Logistics,340,426.9,145146.0,Fixed
T00005,2023-01-05,S014,Logistics,663,53.06,35178.78,Pay-as-you-go
T00006,2023-01-06,S033,Manufacturing,195,404.87,78949.65,Pay-as-you-go
T00007,2023-01-07,S006,Logistics,999,37.27,37232.73,Pay-as-you-go
T00008,2023-01-08,S022,Manufacturing,833,422.73,352134.09,Pay-as-you-go
T00009,2023-01-09,S023,Logistics,584,35.3,20615.2,Volume-based Discount
T00010,2023-01-10,S048,Packaging,506,18.94,9583.64,Pay-as-you-go
T00011,2023-01-11,S044,IT Services,330,351.51,115998.3,Fixed
T00012,2023-01-12,S014,Packaging,848,498.66,422863.68,Pay-as-you-go
T00013,2023-01-13,S026,Logistics,754,449.34,338802.36,Fixed
T00014,2023-01-14,S009,Packaging,270,292.24,78904.8,Volume-based Discount
T00015,2023-01-15,S046,Raw Materials,640,459.52,294092.8,Volume-based Discount
T00016,2023-01-16,S044,Manufacturing,135,12.6,1701.0,Volume-based Discount
T00017,2023-01-17,S015,Packaging,624,487.78,304374.72,Pay-as-you-go
T00018,2023-01-18,S032,Logistics,259,250.47,64871.73,Volume-based Discount
T00019,2023-01-19,S031,IT Services,938,364.22,341638.36,Volume-based Discount
T00020,2023-01-20,S008,Manufacturing,798,412.22,328951.56,Volume-based Discount
T00021,2023-01-21,S039,Manufacturing,342,362.04,123817.68,Fixed
T00022,2023-01-22,S027,Manufacturing,185,272.17,50351.45,Volume-based Discount
T00023,2023-01-23,S039,Manufacturing,895,243.54,217968.3,Fixed
T00024,2023-01-24,S027,Logistics,677,420.91,284956.07,Volume-based Discount
T00025,2023-01-25,S001,Logistics,781,110.49,86292.69,Fixed
T00026,2023-01-26,S017,Raw Materials,656,484.32,317713.92,Pay-as-you-go
T00027,2023-01-27,S001,Manufacturing,673,358.37,241183.01,Fixed
T00028,2023-01-28,S047,Manufacturing,745,107.76,80281.2,Pay-as-you-go
T00029,2023-01-29,S044,Packaging,895,370.76,331830.2,Pay-as-you-go
T00030,2023-01-30,S042,Raw Materials,127,269.62,34241.74,Pay-as-you-go
T00031,2023-01-31,S016,Logistics,719,356.54,256352.26,Pay-as-you-go
T00032,2023-02-01,S003,Packaging,655,386.21,252967.55,Fixed
T00033,2023-02-02,S044,Packaging,439,52.77,23166.03,Fixed
T00034,2023-02-03,S048,Raw Materials,897,257.99,231417.03,Fixed
T00035,2023-02-04,S005,Manufacturing,430,466.69,200676.7,Fixed
T00036,2023-02-05,S025,IT Services,739,167.11,123494.29,Volume-based Discount
T00037,2023-02-06,S004,IT Services,605,301.0,182105.0,Pay-as-you-go
T00038,2023-02-07,S039,Raw Materials,447,190.92,85341.24,Fixed
T00039,2023-02-08,S039,Logistics,572,232.59,133041.48,Volume-based Discount
T00040,2023-02-09,S007,Raw Materials,330,278.82,92010.6,Volume-based Discount
T00041,2023-02-10,S024,Logistics,289,278.97,80622.33,Volume-based Discount
T00042,2023-02-11,S028,Packaging,324,108.85,35267.4,Volume-based Discount
T00043,2023-02-12,S014,IT Services,484,345.44,167192.96,Pay-as-you-go
T00044,2023-02-13,S044,Packaging,476,53.06,25256.56,Fixed
T00045,2023-02-14,S022,Packaging,382,78.02,29803.64,Pay-as-you-go
T00046,2023-02-15,S011,Logistics,732,11.33,8293.56,Pay-as-you-go
T00047,2023-02-16,S027,Logistics,727,67.18,48839.86,Volume-based Discount
T00048,2023-02-17,S037,IT Services,844,241.85,204121.4,Pay-as-you-go
T00049,2023-02-18,S011,Raw Materials,358,306.99,109902.42,Pay-as-you-go
T00050,2023-02-19,S016,Raw Materials,458,399.2,182833.6,Fixed
T00051,2023-02-20,S050,Raw Materials,809,62.28,50384.52,Volume-based Discount
T00052,2023-02-21,S033,Logistics,555,426.86,236907.3,Volume-based Discount
T00053,2023-02-22,S022,Logistics,510,375.53,191520.3,Fixed
T00054,2023-02-23,S026,Packaging,748,210.17,157207.16,Fixed
T00055,2023-02-24,S007,Logistics,417,467.14,194797.38,Fixed
T00056,2023-02-25,S012,IT Services,776,495.56,384554.56,Volume-based Discount
T00057,2023-02-26,S017,IT Services,324,110.45,35785.8,Volume-based Discount
T00058,2023-02-27,S030,Packaging,918,195.82,179762.76,Pay-as-you-go
T00059,2023-02-28,S012,Logistics,333,463.96,154498.68,Volume-based Discount
T00060,2023-03-01,S012,Raw Materials,783,363.58,284683.14,Pay-as-you-go
T00061,2023-03-02,S004,IT Services,763,33.57,25613.91,Fixed
T00062,2023-03-03,S032,Packaging,926,392.94,363862.44,Volume-based Discount
T00063,2023-03-04,S012,Logistics,473,415.69,196621.37,Fixed
T00064,2023-03-05,S046,IT Services,771,377.75,291245.25,Fixed
T00065,2023-03-06,S043,Logistics,707,401.77,284051.39,Pay-as-you-go
T00066,2023-03-07,S004,Raw Materials,571,414.32,236576.72,Pay-as-you-go
T00067,2023-03-08,S012,Packaging,332,101.34,33644.88,Volume-based Discount
T00068,2023-03-09,S034,IT Services,791,125.49,99262.59,Fixed
T00069,2023-03-10,S011,Raw Materials,212,320.54,67954.48,Fixed
T00070,2023-03-11,S007,Packaging,929,454.85,422555.65,Pay-as-you-go
T00071,2023-03-12,S047,Packaging,596,164.94,98304.24,Pay-as-you-go
T00072,2023-03-13,S029,Raw Materials,541,298.27,161364.07,Volume-based Discount
T00073,2023-03-14,S024,Packaging,663,344.66,228509.58,Fixed
T00074,2023-03-15,S040,Packaging,367,231.45,84942.15,Pay-as-you-go
T00075,2023-03-16,S041,Raw Materials,609,359.75,219087.75,Fixed
T00076,2023-03-17,S010,Logistics,906,450.84,408461.04,Pay-as-you-go
T00077,2023-03-18,S005,Raw Materials,485,315.81,153167.85,Volume-based Discount
T00078,2023-03-19,S022,Packaging,486,274.49,133402.14,Pay-as-you-go
T00079,2023-03-20,S022,Logistics,212,224.98,47695.76,Pay-as-you-go
T00080,2023-03-21,S024,IT Services,712,292.97,208594.64,Volume-based Discount
T00081,2023-03-22,S037,Manufacturing,724,184.13,133310.12,Fixed
T00082,2023-03-23,S034,Manufacturing,180,201.83,36329.4,Fixed
T00083,2023-03-24,S050,Raw Materials,798,270.61,215946.78,Fixed
T00084,2023-03-25,S005,Manufacturing,212,42.64,9039.68,Pay-as-you-go
T00085,2023-03-26,S021,Raw Materials,101,122.22,12344.22,Volume-based Discount
T00086,2023-03-27,S017,Raw Materials,741,276.0,204516.0,Pay-as-you-go
T00087,2023-03-28,S044,Manufacturing,319,221.45,70642.55,Fixed
T00088,2023-03-29,S013,Manufacturing,665,173.08,115098.2,Pay-as-you-go
T00089,2023-03-30,S010,IT Services,954,367.97,351043.38,Fixed
T00090,2023-03-31,S023,IT Services,835,349.92,292183.2,Pay-as-you-go
T00091,2023-04-01,S022,Logistics,324,91.7,29710.8,Pay-as-you-go
T00092,2023-04-02,S014,IT Services,484,440.53,213216.52,Volume-based Discount
T00093,2023-04-03,S013,Raw Materials,502,252.76,126885.52,Pay-as-you-go
T00094,2023-04-04,S047,Raw Materials,737,373.32,275136.84,Fixed
T00095,2023-04-05,S023,Packaging,229,290.84,66602.36,Volume-based Discount
T00096,2023-04-06,S044,Manufacturing,152,498.87,75828.24,Pay-as-you-go
T00097,2023-04-07,S028,Logistics,783,378.68,296506.44,Volume-based Discount
T00098,2023-04-08,S003,Manufacturing,829,356.42,295472.18,Pay-as-you-go
T00099,2023-04-09,S050,Manufacturing,771,391.5,301846.5,Pay-as-you-go
T00100,2023-04-10,S042,Raw Materials,809,80.13,64825.17,Volume-based Discount
T00101,2023-04-11,S049,Manufacturing,515,110.23,56768.45,Pay-as-you-go
T00102,2023-04-12,S047,Packaging,346,359.89,124521.94,Fixed
T00103,2023-04-13,S043,IT Services,935,252.05,235666.75,Fixed
T00104,2023-04-14,S009,IT Services,538,379.77,204316.26,Pay-as-you-go
T00105,2023-04-15,S025,Packaging,302,60.43,18249.86,Volume-based Discount
T00106,2023-04-16,S011,Packaging,283,272.88,77225.04,Volume-based Discount
T00107,2023-04-17,S021,Packaging,222,195.62,43427.64,Pay-as-you-go
T00108,2023-04-18,S003,Packaging,500,233.93,116965.0,Volume-based Discount
T00109,2023-04-19,S019,Raw Materials,866,305.94,264944.04,Pay-as-you-go
T00110,2023-04-20,S050,IT Services,393,256.12,100655.16,Volume-based Discount
T00111,2023-04-21,S014,Raw Materials,379,274.53,104046.87,Fixed
T00112,2023-04-22,S040,IT Services,936,248.32,232427.52,Volume-based Discount
T00113,2023-04-23,S023,Manufacturing,983,210.39,206813.37,Pay-as-you-go
T00114,2023-04-24,S022,Packaging,709,388.22,275247.98,Pay-as-you-go
T00115,2023-04-25,S048,Logistics,297,15.98,4746.06,Fixed
T00116,2023-04-26,S050,Manufacturing,610,303.24,184976.4,Fixed
T00117,2023-04-27,S028,Manufacturing,851,287.1,244322.1,Pay-as-you-go
T00118,2023-04-28,S036,Packaging,243,360.93,87705.99,Volume-based Discount
T00119,2023-04-29,S008,Raw Materials,708,303.52,214892.16,Pay-as-you-go
T00120,2023-04-30,S015,Raw Materials,300,415.13,124539.0,Fixed
T00121,2023-05-01,S049,Logistics,223,479.95,107028.85,Fixed
T00122,2023-05-02,S029,Logistics,286,177.84,50862.24,Fixed
T00123,2023-05-03,S028,Logistics,425,121.4,51595.0,Fixed
T00124,2023-05-04,S038,Raw Materials,563,217.56,122486.28,Volume-based Discount
T00125,2023-05-05,S003,Logistics,448,151.09,67688.32,Fixed
T00126,2023-05-06,S030,IT Services,870,311.33,270857.1,Fixed
T00127,2023-05-07,S026,Logistics,759,456.81,346718.79,Fixed
T00128,2023-05-08,S043,Logistics,863,78.17,67460.71,Volume-based Discount
T00129,2023-05-09,S008,IT Services,502,59.39,29813.78,Volume-based Discount
T00130,2023-05-10,S049,Manufacturing,445,135.45,60275.25,Volume-based Discount
T00131,2023-05-11,S005,IT Services,610,365.79,223131.9,Fixed
T00132,2023-05-12,S010,Logistics,246,300.55,73935.3,Volume-based Discount
T00133,2023-05-13,S030,Logistics,247,60.08,14839.76,Fixed
T00134,2023-05-14,S034,Manufacturing,963,460.19,443162.97,Volume-based Discount
T00135,2023-05-15,S012,Logistics,810,397.14,321683.4,Fixed
T00136,2023-05-16,S006,Raw Materials,919,21.28,19556.32,Volume-based Discount
T00137,2023-05-17,S045,Raw Materials,588,329.17,193551.96,Fixed
T00138,2023-05-18,S013,IT Services,739,387.91,286665.49,Volume-based Discount
T00139,2023-05-19,S030,Packaging,650,193.47,125755.5,Fixed
T00140,2023-05-20,S031,Packaging,437,43.77,19127.49,Pay-as-you-go
T00141,2023-05-21,S021,Raw Materials,971,47.89,46501.19,Pay-as-you-go
T00142,2023-05-22,S030,IT Services,740,61.08,45199.2,Pay-as-you-go
T00143,2023-05-23,S027,Packaging,878,421.82,370357.96,Volume-based Discount
T00144,2023-05-24,S047,IT Services,572,456.24,260969.28,Fixed
T00145,2023-05-25,S011,Raw Materials,250,70.18,17545.0,Volume-based Discount
T00146,2023-05-26,S036,Manufacturing,514,125.59,64553.26,Fixed
T00147,2023-05-27,S012,Raw Materials,397,91.11,36170.67,Fixed
T00148,2023-05-28,S020,Manufacturing,710,101.3,71923.0,Volume-based Discount
T00149,2023-05-29,S034,Manufacturing,362,420.37,152173.94,Fixed
T00150,2023-05-30,S015,Logistics,863,172.75,149083.25,Volume-based Discount
T00151,2023-05-31,S016,IT Services,243,162.61,39514.23,Volume-based Discount
T00152,2023-06-01,S038,IT Services,445,121.42,54031.9,Volume-based Discount
T00153,2023-06-02,S004,IT Services,723,307.87,222590.01,Fixed
T00154,2023-06-03,S023,Logistics,671,195.86,131422.06,Fixed
T00155,2023-06-04,S050,Manufacturing,980,374.68,367186.4,Fixed
T00156,2023-06-05,S050,IT Services,101,110.73,11183.73,Volume-based Discount
T00157,2023-06-06,S004,Manufacturing,996,396.02,394435.92,Volume-based Discount
T00158,2023-06-07,S011,Logistics,403,305.82,123245.46,Fixed
T00159,2023-06-08,S014,Packaging,353,65.99,23294.47,Fixed
T00160,2023-06-09,S047,IT Services,751,213.11,160045.61,Fixed
T00161,2023-06-10,S045,Raw Materials,552,433.12,239082.24,Pay-as-you-go
T00162,2023-06-11,S044,Raw Materials,136,462.25,62866.0,Fixed
T00163,2023-06-12,S019,Raw Materials,259,238.19,61691.21,Volume-based Discount
T00164,2023-06-13,S008,Manufacturing,108,245.61,26525.88,Pay-as-you-go
T00165,2023-06-14,S042,Packaging,332,460.04,152733.28,Fixed
T00166,2023-06-15,S036,Logistics,198,297.66,58936.68,Volume-based Discount
T00167,2023-06-16,S031,IT Services,758,26.09,19776.22,Pay-as-you-go
T00168,2023-06-17,S050,Raw Materials,915,457.25,418383.75,Pay-as-you-go
T00169,2023-06-18,S033,Packaging,307,131.63,40410.41,Pay-as-you-go
T00170,2023-06-19,S001,IT Services,230,293.04,67399.2,Fixed
T00171,2023-06-20,S041,IT Services,503,91.1,45823.3,Fixed
T00172,2023-06-21,S015,IT Services,251,26.6,6676.6,Pay-as-you-go
T00173,2023-06-22,S034,Raw Materials,153,162.62,24880.86,Fixed
T00174,2023-06-23,S047,Packaging,219,392.44,85944.36,Fixed
T00175,2023-06-24,S007,Packaging,772,146.02,112727.44,Pay-as-you-go
T00176,2023-06-25,S006,IT Services,727,117.85,85676.95,Pay-as-you-go
T00177,2023-06-26,S006,Packaging,686,114.21,78348.06,Fixed
T00178,2023-06-27,S028,IT Services,724,262.44,190006.56,Pay-as-you-go
T00179,2023-06-28,S014,Logistics,519,488.02,253282.38,Volume-based Discount
T00180,2023-06-29,S031,Logistics,521,234.9,122382.9,Volume-based Discount
T00181,2023-06-30,S036,Raw Materials,203,283.08,57465.24,Fixed
T00182,2023-07-01,S011,Raw Materials,951,431.71,410556.21,Volume-based Discount
T00183,2023-07-02,S032,Logistics,353,272.18,96079.54,Pay-as-you-go
T00184,2023-07-03,S014,Packaging,326,100.39,32727.14,Volume-based Discount
T00185,2023-07-04,S025,Logistics,211,156.8,33084.8,Fixed
T00186,2023-07-05,S046,Logistics,609,161.87,98578.83,Volume-based Discount
T00187,2023-07-06,S043,Manufacturing,572,204.69,117082.68,Volume-based Discount
T00188,2023-07-07,S005,Manufacturing,198,219.13,43387.74,Volume-based Discount
T00189,2023-07-08,S022,Packaging,252,401.89,101276.28,Pay-as-you-go
T00190,2023-07-09,S014,IT Services,960,181.2,173952.0,Volume-based Discount
T00191,2023-07-10,S001,Raw Materials,995,239.43,238232.85,Pay-as-you-go
T00192,2023-07-11,S039,Packaging,977,316.24,308966.48,Volume-based Discount
T00193,2023-07-12,S032,Manufacturing,437,195.09,85254.33,Pay-as-you-go
T00194,2023-07-13,S014,Logistics,805,419.92,338035.6,Volume-based Discount
T00195,2023-07-14,S038,Packaging,921,297.85,274319.85,Fixed
T00196,2023-07-15,S028,IT Services,262,154.08,40368.96,Pay-as-you-go
T00197,2023-07-16,S022,Manufacturing,819,359.89,294749.91,Pay-as-you-go
T00198,2023-07-17,S001,Packaging,780,268.55,209469.0,Pay-as-you-go
T00199,2023-07-18,S004,Packaging,260,271.88,70688.8,Volume-based Discount
T00200,2023-07-19,S045,Logistics,679,245.73,166850.67,Volume-based Discount
T00201,2023-07-20,S046,Manufacturing,900,253.54,228186.0,Volume-based Discount
T00202,2023-07-21,S028,Logistics,497,385.02,191354.94,Fixed
T00203,2023-07-22,S042,Manufacturing,376,60.46,22732.96,Volume-based Discount
T00204,2023-07-23,S030,Logistics,915,173.84,159063.6,Pay-as-you-go
T00205,2023-07-24,S008,Logistics,603,47.0,28341.0,Pay-as-you-go
T00206,2023-07-25,S007,IT Services,995,379.09,377194.55,Fixed
T00207,2023-07-26,S016,Logistics,491,143.43,70424.13,Pay-as-you-go
T00208,2023-07-27,S045,IT Services,234,449.74,105239.16,Volume-based Discount
T00209,2023-07-28,S040,Packaging,294,268.02,78797.88,Volume-based Discount
T00210,2023-07-29,S044,Packaging,500,402.37,201185.0,Volume-based Discount
T00211,2023-07-30,S045,Raw Materials,739,489.68,361873.52,Pay-as-you-go
T00212,2023-07-31,S011,Packaging,132,421.5,55638.0,Pay-as-you-go
T00213,2023-08-01,S013,Manufacturing,787,434.83,342211.21,Volume-based Discount
T00214,2023-08-02,S006,IT Services,559,209.91,117339.69,Pay-as-you-go
T00215,2023-08-03,S040,Packaging,982,280.34,275293.88,Volume-based Discount
T00216,2023-08-04,S045,Raw Materials,569,134.41,76479.29,Pay-as-you-go
T00217,2023-08-05,S021,Raw Materials,474,106.1,50291.4,Volume-based Discount
T00218,2023-08-06,S032,Manufacturing,121,257.7,31181.7,Volume-based Discount
T00219,2023-08-07,S008,Raw Materials,849,301.57,256032.93,Fixed
T00220,2023-08-08,S047,Logistics,769,176.24,135528.56,Pay-as-you-go
T00221,2023-08-09,S044,Manufacturing,137,289.03,39597.11,Volume-based Discount
T00222,2023-08-10,S049,Manufacturing,329,444.86,146358.94,Volume-based Discount
T00223,2023-08-11,S041,Raw Materials,464,282.79,131214.56,Volume-based Discount
T00224,2023-08-12,S045,Packaging,662,363.2,240438.4,Fixed
T00225,2023-08-13,S002,Logistics,537,404.6,217270.2,Pay-as-you-go
T00226,2023-08-14,S037,Raw Materials,875,494.48,432670.0,Pay-as-you-go
T00227,2023-08-15,S017,Packaging,382,305.57,116727.74,Volume-based Discount
T00228,2023-08-16,S047,Raw Materials,126,405.36,51075.36,Pay-as-you-go
T00229,2023-08-17,S041,Manufacturing,325,481.7,156552.5,Pay-as-you-go
T00230,2023-08-18,S044,Logistics,376,472.76,177757.76,Volume-based Discount
T00231,2023-08-19,S041,Manufacturing,897,79.13,70979.61,Fixed
T00232,2023-08-20,S014,Raw Materials,708,209.13,148064.04,Fixed
T00233,2023-08-21,S040,IT Services,383,168.76,64635.08,Volume-based Discount
T00234,2023-08-22,S006,IT Services,978,52.59,51433.02,Volume-based Discount
T00235,2023-08-23,S044,Logistics,580,320.29,185768.2,Volume-based Discount
T00236,2023-08-24,S043,Packaging,552,370.59,204565.68,Volume-based Discount
T00237,2023-08-25,S012,IT Services,928,425.58,394938.24,Volume-based Discount
T00238,2023-08-26,S041,Packaging,915,70.16,64196.4,Volume-based Discount
T00239,2023-08-27,S024,Logistics,758,439.46,333110.68,Pay-as-you-go
T00240,2023-08-28,S016,IT Services,615,325.03,199893.45,Volume-based Discount
T00241,2023-08-29,S040,IT Services,646,354.93,229284.78,Volume-based Discount
T00242,2023-08-30,S012,Packaging,291,456.21,132757.11,Volume-based Discount
T00243,2023-08-31,S002,Manufacturing,148,316.13,46787.24,Fixed
T00244,2023-09-01,S010,IT Services,611,174.57,106662.27,Fixed
T00245,2023-09-02,S017,Manufacturing,116,414.3,48058.8,Volume-based Discount
T00246,2023-09-03,S044,Packaging,271,187.9,50920.9,Pay-as-you-go
T00247,2023-09-04,S049,Manufacturing,319,26.77,8539.63,Fixed
T00248,2023-09-05,S014,Manufacturing,257,417.02,107174.14,Pay-as-you-go
T00249,2023-09-06,S033,IT Services,576,179.14,103184.64,Fixed
T00250,2023-09-07,S020,Packaging,145,389.18,56431.1,Fixed
T00251,2023-09-08,S050,Packaging,472,187.75,88618.0,Volume-based Discount
T00252,2023-09-09,S027,IT Services,617,431.92,266494.64,Fixed
T00253,2023-09-10,S047,Manufacturing,198,117.56,23276.88,Volume-based Discount
T00254,2023-09-11,S006,Manufacturing,991,487.53,483142.23,Volume-based Discount
T00255,2023-09-12,S049,Manufacturing,844,392.08,330915.52,Volume-based Discount
T00256,2023-09-13,S009,Raw Materials,136,65.98,8973.28,Pay-as-you-go
T00257,2023-09-14,S049,Packaging,379,287.23,108860.17,Fixed
T00258,2023-09-15,S014,Logistics,448,492.83,220787.84,Fixed
T00259,2023-09-16,S006,Manufacturing,596,240.82,143528.72,Pay-as-you-go
T00260,2023-09-17,S022,IT Services,401,99.23,39791.23,Fixed
T00261,2023-09-18,S037,Raw Materials,280,247.54,69311.2,Pay-as-you-go
T00262,2023-09-19,S016,Manufacturing,706,261.1,184336.6,Volume-based Discount
T00263,2023-09-20,S031,Manufacturing,198,373.43,73939.14,Pay-as-you-go
T00264,2023-09-21,S026,Packaging,799,352.43,281591.57,Fixed
T00265,2023-09-22,S020,Logistics,215,207.25,44558.75,Pay-as-you-go
T00266,2023-09-23,S029,Packaging,290,116.83,33880.7,Fixed
T00267,2023-09-24,S013,Manufacturing,352,326.08,114780.16,Fixed
T00268,2023-09-25,S036,Raw Materials,260,216.63,56323.8,Fixed
T00269,2023-09-26,S001,IT Services,355,74.82,26561.1,Volume-based Discount
T00270,2023-09-27,S047,Manufacturing,422,451.28,190440.16,Pay-as-you-go
T00271,2023-09-28,S027,Packaging,227,348.7,79154.9,Fixed
T00272,2023-09-29,S036,IT Services,117,344.76,40336.92,Volume-based Discount
T00273,2023-09-30,S038,Packaging,892,413.07,368458.44,Fixed
T00274,2023-10-01,S034,Raw Materials,834,269.53,224788.02,Volume-based Discount
T00275,2023-10-02,S019,Raw Materials,665,409.38,272237.7,Volume-based Discount
T00276,2023-10-03,S004,IT Services,669,254.06,169966.14,Fixed
T00277,2023-10-04,S034,Packaging,422,42.92,18112.24,Volume-based Discount
T00278,2023-10-05,S017,Manufacturing,971,208.57,202521.47,Fixed
T00279,2023-10-06,S016,Packaging,785,253.76,199201.6,Volume-based Discount
T00280,2023-10-07,S043,Raw Materials,891,362.9,323343.9,Volume-based Discount
T00281,2023-10-08,S036,Manufacturing,725,62.22,45109.5,Pay-as-you-go
T00282,2023-10-09,S016,Manufacturing,387,78.61,30422.07,Fixed
T00283,2023-10-10,S016,Logistics,953,139.21,132667.13,Pay-as-you-go
T00284,2023-10-11,S021,Logistics,762,140.58,107121.96,Pay-as-you-go
T00285,2023-10-12,S021,Raw Materials,738,368.77,272152.26,Fixed
T00286,2023-10-13,S015,Packaging,254,132.86,33746.44,Fixed
T00287,2023-10-14,S007,Manufacturing,589,320.22,188609.58,Pay-as-you-go
T00288,2023-10-15,S022,Logistics,485,252.19,122312.15,Fixed
T00289,2023-10-16,S048,Raw Materials,884,290.91,257164.44,Fixed
T00290,2023-10-17,S034,Logistics,203,420.67,85396.01,Volume-based Discount
T00291,2023-10-18,S046,IT Services,492,208.15,102409.8,Fixed
T00292,2023-10-19,S031,Raw Materials,910,387.75,352852.5,Pay-as-you-go
T00293,2023-10-20,S016,Raw Materials,345,216.8,74796.0,Volume-based Discount
T00294,2023-10-21,S028,Packaging,275,183.4,50435.0,Volume-based Discount
T00295,2023-10-22,S001,Manufacturing,138,479.73,66202.74,Volume-based Discount
T00296,2023-10-23,S015,IT Services,576,100.34,57795.84,Volume-based Discount
T00297,2023-10-24,S022,Logistics,781,54.27,42384.87,Volume-based Discount
T00298,2023-10-25,S029,IT Services,858,387.78,332715.24,Volume-based Discount
T00299,2023-10-26,S033,Raw Materials,637,43.44,27671.28,Pay-as-you-go
T00300,2023-10-27,S024,Packaging,966,420.17,405884.22,Volume-based Discount
T00301,2023-10-28,S023,Packaging,917,224.22,205609.74,Pay-as-you-go
T00302,2023-10-29,S011,Raw Materials,507,458.6,232510.2,Pay-as-you-go
T00303,2023-10-30,S024,IT Services,624,363.55,226855.2,Fixed
T00304,2023-10-31,S046,Logistics,927,309.1,286535.7,Volume-based Discount
T00305,2023-11-01,S040,IT Services,605,475.16,287471.8,Fixed
T00306,2023-11-02,S009,Raw Materials,924,204.36,188828.64,Fixed
T00307,2023-11-03,S005,Manufacturing,135,477.5,64462.5,Fixed
T00308,2023-11-04,S026,IT Services,784,76.15,59701.6,Fixed
T00309,2023-11-05,S032,Raw Materials,119,247.04,29397.76,Fixed
T00310,2023-11-06,S017,IT Services,420,142.26,59749.2,Pay-as-you-go
T00311,2023-11-07,S041,Packaging,875,274.52,240205.0,Volume-based Discount
T00312,2023-11-08,S038,Raw Materials,611,89.39,54617.29,Volume-based Discount
T00313,2023-11-09,S034,IT Services,499,422.35,210752.65,Fixed
T00314,2023-11-10,S012,Logistics,753,424.74,319829.22,Volume-based Discount
T00315,2023-11-11,S010,Packaging,982,478.07,469464.74,Fixed
T00316,2023-11-12,S002,IT Services,570,85.79,48900.3,Volume-based Discount
T00317,2023-11-13,S013,Logistics,242,315.43,76334.06,Pay-as-you-go
T00318,2023-11-14,S024,Raw Materials,191,242.38,46294.58,Volume-based Discount
T00319,2023-11-15,S043,Manufacturing,453,178.75,80973.75,Pay-as-you-go
T00320,2023-11-16,S004,Raw Materials,933,182.25,170039.25,Volume-based Discount
T00321,2023-11-17,S021,IT Services,899,212.27,190830.73,Volume-based Discount
T00322,2023-11-18,S032,IT Services,826,355.41,293568.66,Fixed
T00323,2023-11-19,S010,Manufacturing,953,303.16,288911.48,Fixed
T00324,2023-11-20,S035,IT Services,150,235.24,35286.0,Volume-based Discount
T00325,2023-11-21,S025,Packaging,764,47.21,36068.44,Fixed
T00326,2023-11-22,S013,IT Services,797,48.11,38343.67,Volume-based Discount
T00327,2023-11-23,S033,Logistics,674,11.15,7515.1,Fixed
T00328,2023-11-24,S001,Manufacturing,289,484.17,139925.13,Fixed
T00329,2023-11-25,S038,Packaging,224,12.57,2815.68,Pay-as-you-go
T00330,2023-11-26,S039,Raw Materials,249,60.52,15069.48,Pay-as-you-go
T00331,2023-11-27,S006,Logistics,413,164.15,67793.95,Volume-based Discount
T00332,2023-11-28,S022,Packaging,669,405.64,271373.16,Volume-based Discount
T00333,2023-11-29,S009,Logistics,441,481.43,212310.63,Pay-as-you-go
T00334,2023-11-30,S048,Logistics,404,397.11,160432.44,Volume-based Discount
T00335,2023-12-01,S026,Logistics,791,348.37,275560.67,Pay-as-you-go
T00336,2023-12-02,S003,Logistics,781,265.44,207308.64,Volume-based Discount
T00337,2023-12-03,S013,Packaging,937,52.49,49183.13,Fixed
T00338,2023-12-04,S043,Raw Materials,882,479.5,422919.0,Fixed
T00339,2023-12-05,S023,IT Services,153,381.61,58386.33,Pay-as-you-go
T00340,2023-12-06,S041,Manufacturing,543,323.09,175437.87,Fixed
T00341,2023-12-07,S034,Raw Materials,712,381.93,271934.16,Fixed
T00342,2023-12-08,S050,Logistics,363,364.81,132426.03,Volume-based Discount
T00343,2023-12-09,S030,IT Services,152,322.24,48980.48,Fixed
T00344,2023-12-10,S048,Logistics,671,490.48,329112.08,Volume-based Discount
T00345,2023-12-11,S045,Logistics,719,452.65,325455.35,Pay-as-you-go
T00346,2023-12-12,S031,Manufacturing,104,326.87,33994.48,Pay-as-you-go
T00347,2023-12-13,S036,Raw Materials,202,349.66,70631.32,Volume-based Discount
T00348,2023-12-14,S026,Logistics,295,35.28,10407.6,Fixed
T00349,2023-12-15,S042,IT Services,873,338.26,295300.98,Fixed
T00350,2023-12-16,S028,Packaging,976,31.64,30880.64,Pay-as-you-go
T00351,2023-12-17,S045,Raw Materials,983,298.25,293179.75,Pay-as-you-go
T00352,2023-12-18,S038,Raw Materials,449,499.68,224356.32,Volume-based Discount
T00353,2023-12-19,S024,Raw Materials,146,282.35,41223.1,Pay-as-you-go
T00354,2023-12-20,S013,Manufacturing,966,241.87,233646.42,Fixed
T00355,2023-12-21,S013,IT Services,922,163.3,150562.6,Pay-as-you-go
T00356,2023-12-22,S032,Manufacturing,919,69.06,63466.14,Volume-based Discount
T00357,2023-12-23,S039,IT Services,755,368.2,277991.0,Pay-as-you-go
T00358,2023-12-24,S027,Packaging,368,104.37,38408.16,Fixed
T00359,2023-12-25,S032,Logistics,469,66.49,31183.81,Pay-as-you-go
T00360,2023-12-26,S014,Raw Materials,735,216.66,159245.1,Pay-as-you-go
T00361,2023-12-27,S004,Packaging,205,399.72,81942.6,Fixed
T00362,2023-12-28,S015,Logistics,769,375.08,288436.52,Pay-as-you-go
T00363,2023-12-29,S014,Manufacturing,758,36.89,27962.62,Volume-based Discount
T00364,2023-12-30,S016,Packaging,756,233.02,176163.12,Volume-based Discount
T00365,2023-12-31,S028,Raw Materials,219,265.99,58251.81,Pay-as-you-go
T00366,2024-01-01,S007,Packaging,930,325.83,303021.9,Volume-based Discount
T00367,2024-01-02,S012,Manufacturing,886,328.58,291121.88,Pay-as-you-go
T00368,2024-01-03,S035,Logistics,703,188.7,132656.1,Pay-as-you-go
T00369,2024-01-04,S036,Manufacturing,157,284.73,44702.61,Fixed
T00370,2024-01-05,S004,Packaging,445,245.72,109345.4,Pay-as-you-go
T00371,2024-01-06,S021,Manufacturing,840,443.65,372666.0,Volume-based Discount
T00372,2024-01-07,S028,IT Services,573,269.83,154612.59,Volume-based Discount
T00373,2024-01-08,S021,IT Services,216,226.11,48839.76,Pay-as-you-go
T00374,2024-01-09,S011,Manufacturing,929,208.2,193417.8,Volume-based Discount
T00375,2024-01-10,S022,IT Services,890,290.49,258536.1,Fixed
T00376,2024-01-11,S046,Manufacturing,226,403.95,91292.7,Fixed
T00377,2024-01-12,S030,Logistics,492,273.82,134719.44,Fixed
T00378,2024-01-13,S035,Raw Materials,740,334.21,247315.4,Fixed
T00379,2024-01-14,S043,Logistics,157,371.55,58333.35,Fixed
T00380,2024-01-15,S039,Manufacturing,733,264.88,194157.04,Volume-based Discount
T00381,2024-01-16,S020,IT Services,612,219.14,134113.68,Fixed
T00382,2024-01-17,S001,Packaging,850,439.57,373634.5,Volume-based Discount
T00383,2024-01-18,S018,Raw Materials,901,214.58,193336.58,Fixed
T00384,2024-01-19,S038,Logistics,195,236.35,46088.25,Pay-as-you-go
T00385,2024-01-20,S043,Packaging,737,495.27,365013.99,Fixed
T00386,2024-01-21,S048,Logistics,217,10.12,2196.04,Fixed
T00387,2024-01-22,S021,IT Services,659,100.88,66479.92,Pay-as-you-go
T00388,2024-01-23,S038,Logistics,700,198.14,138698.0,Pay-as-you-go
T00389,2024-01-24,S028,Packaging,587,466.97,274111.39,Pay-as-you-go
T00390,2024-01-25,S031,Raw Materials,336,44.31,14888.16,Fixed
T00391,2024-01-26,S012,Manufacturing,984,14.65,14415.6,Pay-as-you-go
T00392,2024-01-27,S011,Packaging,996,35.82,35676.72,Pay-as-you-go
T00393,2024-01-28,S022,Manufacturing,371,53.39,19807.69,Pay-as-you-go
T00394,2024-01-29,S002,Packaging,288,28.42,8184.96,Pay-as-you-go
T00395,2024-01-30,S017,Manufacturing,803,245.09,196807.27,Pay-as-you-go
T00396,2024-01-31,S034,Manufacturing,546,294.57,160835.22,Fixed
T00397,2024-02-01,S021,Raw Materials,680,143.13,97328.4,Pay-as-you-go
T00398,2024-02-02,S009,Logistics,889,205.16,182387.24,Fixed
T00399,2024-02-03,S024,Packaging,960,54.93,52732.8,Pay-as-you-go
T00400,2024-02-04,S007,Manufacturing,346,174.82,60487.72,Pay-as-you-go
T00401,2024-02-05,S032,Logistics,175,266.03,46555.25,Pay-as-you-go
T00402,2024-02-06,S002,Manufacturing,253,368.81,93308.93,Pay-as-you-go
T00403,2024-02-07,S020,Raw Materials,755,11.64,8788.2,Volume-based Discount
T00404,2024-02-08,S029,Logistics,534,238.98,127615.32,Volume-based Discount
T00405,2024-02-09,S002,Logistics,185,155.53,28773.05,Fixed
T00406,2024-02-10,S033,Raw Materials,796,427.88,340592.48,Volume-based Discount
T00407,2024-02-11,S007,Raw Materials,384,360.62,138478.08,Volume-based Discount
T00408,2024-02-12,S024,Logistics,319,298.66,95272.54,Volume-based Discount
T00409,2024-02-13,S003,Packaging,168,145.86,24504.48,Pay-as-you-go
T00410,2024-02-14,S019,Packaging,146,456.07,66586.22,Fixed
T00411,2024-02-15,S011,IT Services,193,32.1,6195.3,Volume-based Discount
T00412,2024-02-16,S017,Logistics,849,63.64,54030.36,Fixed
T00413,2024-02-17,S039,Logistics,552,201.9,111448.8,Pay-as-you-go
T00414,2024-02-18,S019,Manufacturing,303,70.97,21503.91,Volume-based Discount
T00415,2024-02-19,S038,Packaging,317,478.64,151728.88,Pay-as-you-go
T00416,2024-02-20,S042,Logistics,573,401.01,229778.73,Fixed
T00417,2024-02-21,S013,IT Services,531,136.9,72693.9,Fixed
T00418,2024-02-22,S005,IT Services,440,298.39,131291.6,Pay-as-you-go
T00419,2024-02-23,S001,Packaging,650,491.34,319371.0,Pay-as-you-go
T00420,2024-02-24,S027,Logistics,711,443.26,315157.86,Pay-as-you-go
T00421,2024-02-25,S050,Packaging,388,304.39,118103.32,Volume-based Discount
T00422,2024-02-26,S018,Raw Materials,353,452.82,159845.46,Volume-based Discount
T00423,2024-02-27,S033,Logistics,833,494.7,412085.1,Volume-based Discount
T00424,2024-02-28,S040,IT Services,456,374.24,170653.44,Fixed
T00425,2024-02-29,S033,Packaging,122,41.84,5104.48,Volume-based Discount
T00426,2024-03-01,S038,IT Services,861,206.77,178028.97,Fixed
T00427,2024-03-02,S048,Packaging,621,420.53,261149.13,Volume-based Discount
T00428,2024-03-03,S010,Packaging,857,122.98,105393.86,Fixed
T00429,2024-03-04,S002,IT Services,936,417.01,390321.36,Fixed
T00430,2024-03-05,S008,Manufacturing,199,68.97,13725.03,Pay-as-you-go
T00431,2024-03-06,S007,Packaging,901,33.0,29733.0,Volume-based Discount
T00432,2024-03-07,S034,Manufacturing,279,198.2,55297.8,Volume-based Discount
T00433,2024-03-08,S029,IT Services,322,28.0,9016.0,Volume-based Discount
T00434,2024-03-09,S011,Raw Materials,861,479.06,412470.66,Volume-based Discount
T00435,2024-03-10,S035,Manufacturing,758,414.84,314448.72,Volume-based Discount
T00436,2024-03-11,S039,IT Services,541,402.38,217687.58,Pay-as-you-go
T00437,2024-03-12,S009,Manufacturing,707,318.59,225243.13,Fixed
T00438,2024-03-13,S031,IT Services,868,116.0,100688.0,Fixed
T00439,2024-03-14,S038,Raw Materials,424,263.95,111914.8,Pay-as-you-go
T00440,2024-03-15,S006,Logistics,615,302.66,186135.9,Volume-based Discount
T00441,2024-03-16,S041,Manufacturing,115,267.27,30736.05,Fixed
T00442,2024-03-17,S049,Packaging,891,137.51,122521.41,Pay-as-you-go
T00443,2024-03-18,S006,Packaging,435,262.47,114174.45,Volume-based Discount
T00444,2024-03-19,S002,Raw Materials,858,250.68,215083.44,Fixed
T00445,2024-03-20,S016,IT Services,357,498.2,177857.4,Pay-as-you-go
T00446,2024-03-21,S034,Manufacturing,596,449.74,268045.04,Fixed
T00447,2024-03-22,S048,Manufacturing,995,237.06,235874.7,Pay-as-you-go
T00448,2024-03-23,S020,Logistics,259,315.24,81647.16,Fixed
T00449,2024-03-24,S036,Manufacturing,574,376.46,216088.04,Volume-based Discount
T00450,2024-03-25,S004,Logistics,951,27.08,25753.08,Fixed
T00451,2024-03-26,S035,Logistics,763,448.51,342213.13,Pay-as-you-go
T00452,2024-03-27,S032,IT Services,789,431.46,340421.94,Fixed
T00453,2024-03-28,S006,Raw Materials,774,234.14,181224.36,Volume-based Discount
T00454,2024-03-29,S039,Packaging,479,201.67,96599.93,Fixed
T00455,2024-03-30,S043,Raw Materials,644,143.75,92575.0,Volume-based Discount
T00456,2024-03-31,S031,Logistics,790,243.57,192420.3,Pay-as-you-go
T00457,2024-04-01,S007,Raw Materials,526,31.74,16695.24,Fixed
T00458,2024-04-02,S050,IT Services,712,427.57,304429.84,Volume-based Discount
T00459,2024-04-03,S040,Packaging,367,27.36,10041.12,Fixed
T00460,2024-04-04,S018,Manufacturing,934,171.24,159938.16,Pay-as-you-go
T00461,2024-04-05,S022,IT Services,676,466.48,315340.48,Fixed
T00462,2024-04-06,S019,Logistics,516,370.25,191049.0,Volume-based Discount
T00463,2024-04-07,S026,Raw Materials,267,147.88,39483.96,Pay-as-you-go
T00464,2024-04-08,S018,Packaging,941,133.8,125905.8,Fixed
T00465,2024-04-09,S043,Manufacturing,142,12.49,1773.58,Volume-based Discount
T00466,2024-04-10,S042,Logistics,655,350.9,229839.5,Fixed
T00467,2024-04-11,S006,IT Services,384,33.9,13017.6,Fixed
T00468,2024-04-12,S049,Logistics,496,270.98,134406.08,Pay-as-you-go
T00469,2024-04-13,S032,Manufacturing,111,481.44,53439.84,Fixed
T00470,2024-04-14,S042,Raw Materials,706,63.64,44929.84,Pay-as-you-go
T00471,2024-04-15,S036,Manufacturing,401,448.3,179768.3,Pay-as-you-go
T00472,2024-04-16,S022,Logistics,997,495.82,494332.54,Pay-as-you-go
T00473,2024-04-17,S037,IT Services,352,40.14,14129.28,Volume-based Discount
T00474,2024-04-18,S049,Logistics,598,442.62,264686.76,Fixed
T00475,2024-04-19,S014,Packaging,853,262.88,224236.64,Fixed
T00476,2024-04-20,S041,Manufacturing,134,454.19,60861.46,Volume-based Discount
T00477,2024-04-21,S027,Logistics,826,289.95,239498.7,Pay-as-you-go
T00478,2024-04-22,S025,Logistics,948,334.43,317039.64,Fixed
T00479,2024-04-23,S022,Raw Materials,189,276.45,52249.05,Fixed
T00480,2024-04-24,S037,Manufacturing,875,433.6,379400.0,Pay-as-you-go
T00481,2024-04-25,S014,IT Services,704,369.62,260212.48,Fixed
T00482,2024-04-26,S043,Manufacturing,701,265.42,186059.42,Pay-as-you-go
T00483,2024-04-27,S042,Raw Materials,517,435.4,225101.8,Pay-as-you-go
T00484,2024-04-28,S005,Raw Materials,214,130.19,27860.66,Fixed
T00485,2024-04-29,S045,Raw Materials,716,87.1,62363.6,Pay-as-you-go
T00486,2024-04-30,S013,Raw Materials,295,88.6,26137.0,Fixed
T00487,2024-05-01,S024,Packaging,925,173.66,160635.5,Volume-based Discount
T00488,2024-05-02,S031,Logistics,600,126.96,76176.0,Fixed
T00489,2024-05-03,S019,Packaging,725,465.74,337661.5,Volume-based Discount
T00490,2024-05-04,S002,Manufacturing,592,61.86,36621.12,Volume-based Discount
T00491,2024-05-05,S043,Manufacturing,174,352.51,61336.74,Pay-as-you-go
T00492,2024-05-06,S010,Manufacturing,512,102.72,52592.64,Volume-based Discount
T00493,2024-05-07,S011,Packaging,475,442.0,209950.0,Fixed
T00494,2024-05-08,S040,Logistics,519,481.04,249659.76,Volume-based Discount
T00495,2024-05-09,S018,IT Services,828,238.08,197130.24,Pay-as-you-go
T00496,2024-05-10,S045,Raw Materials,376,440.75,165722.0,Pay-as-you-go
T00497,2024-05-11,S036,Packaging,860,12.52,10767.2,Fixed
T00498,2024-05-12,S014,IT Services,775,411.77,319121.75,Fixed
T00499,2024-05-13,S001,IT Services,493,122.03,60160.79,Pay-as-you-go
T00500,2024-05-14,S048,Raw Materials,968,455.26,440691.68,Volume-based Discount
T00501,2024-05-15,S005,Manufacturing,556,10.55,5865.8,Volume-based Discount
T00502,2024-05-16,S037,Raw Materials,291,282.53,82216.23,Pay-as-you-go
T00503,2024-05-17,S025,Logistics,838,380.75,319068.5,Fixed
T00504,2024-05-18,S038,Logistics,788,136.76,107766.88,Fixed
T00505,2024-05-19,S035,Logistics,198,104.64,20718.72,Fixed
T00506,2024-05-20,S033,Manufacturing,647,51.21,33132.87,Fixed
T00507,2024-05-21,S025,IT Services,195,169.95,33140.25,Volume-based Discount
T00508,2024-05-22,S040,Manufacturing,763,284.32,216936.16,Volume-based Discount
T00509,2024-05-23,S005,Raw Materials,762,66.76,50871.12,Volume-based Discount
T00510,2024-05-24,S012,Raw Materials,289,194.58,56233.62,Pay-as-you-go
T00511,2024-05-25,S035,Logistics,835,14.45,12065.75,Pay-as-you-go
T00512,2024-05-26,S016,IT Services,136,411.15,55916.4,Pay-as-you-go
T00513,2024-05-27,S030,Logistics,879,72.94,64114.26,Volume-based Discount
T00514,2024-05-28,S024,Logistics,468,148.84,69657.12,Fixed
T00515,2024-05-29,S027,IT Services,794,19.03,15109.82,Volume-based Discount
T00516,2024-05-30,S022,Logistics,624,221.8,138403.2,Volume-based Discount
T00517,2024-05-31,S038,IT Services,378,421.66,159387.48,Pay-as-you-go
T00518,2024-06-01,S017,Logistics,316,202.15,63879.4,Fixed
T00519,2024-06-02,S036,Packaging,966,97.95,94619.7,Fixed
T00520,2024-06-03,S014,Manufacturing,972,379.31,368689.32,Pay-as-you-go
T00521,2024-06-04,S013,IT Services,897,396.52,355678.44,Pay-as-you-go
T00522,2024-06-05,S007,Manufacturing,372,95.14,35392.08,Volume-based Discount
T00523,2024-06-06,S010,Logistics,980,387.72,379965.6,Fixed
T00524,2024-06-07,S006,Packaging,161,474.18,76342.98,Volume-based Discount
T00525,2024-06-08,S027,Raw Materials,695,91.53,63613.35,Volume-based Discount
T00526,2024-06-09,S039,Raw Materials,979,387.78,379636.62,Volume-based Discount
T00527,2024-06-10,S010,IT Services,828,357.2,295761.6,Pay-as-you-go
T00528,2024-06-11,S011,IT Services,441,242.05,106744.05,Pay-as-you-go
T00529,2024-06-12,S025,Packaging,496,38.38,19036.48,Pay-as-you-go
T00530,2024-06-13,S037,Logistics,798,46.6,37186.8,Fixed
T00531,2024-06-14,S049,Packaging,118,427.68,50466.24,Pay-as-you-go
T00532,2024-06-15,S027,Logistics,276,495.17,136666.92,Volume-based Discount
T00533,2024-06-16,S015,Logistics,711,341.27,242642.97,Volume-based Discount
T00534,2024-06-17,S006,Manufacturing,495,228.52,113117.4,Pay-as-you-go
T00535,2024-06-18,S010,Manufacturing,544,327.31,178056.64,Pay-as-you-go
T00536,2024-06-19,S012,Raw Materials,332,301.25,100015.0,Pay-as-you-go
T00537,2024-06-20,S009,Packaging,175,197.97,34644.75,Pay-as-you-go
T00538,2024-06-21,S001,IT Services,364,42.16,15346.24,Fixed
T00539,2024-06-22,S027,Packaging,554,412.54,228547.16,Fixed
T00540,2024-06-23,S014,IT Services,895,192.2,172019.0,Fixed
T00541,2024-06-24,S049,Packaging,817,411.2,335950.4,Fixed
T00542,2024-06-25,S028,Packaging,834,133.73,111530.82,Fixed
T00543,2024-06-26,S035,Raw Materials,483,10.5,5071.5,Pay-as-you-go
T00544,2024-06-27,S007,Packaging,663,87.88,58264.44,Volume-based Discount
T00545,2024-06-28,S044,Packaging,950,239.58,227601.0,Volume-based Discount
T00546,2024-06-29,S025,Logistics,605,472.71,285989.55,Volume-based Discount
T00547,2024-06-30,S044,Packaging,466,60.07,27992.62,Volume-based Discount
T00548,2024-07-01,S029,Manufacturing,243,428.56,104140.08,Pay-as-you-go
T00549,2024-07-02,S024,Raw Materials,984,268.24,263948.16,Fixed
T00550,2024-07-03,S023,Packaging,168,414.7,69669.6,Volume-based Discount
T00551,2024-07-04,S010,IT Services,198,156.2,30927.6,Volume-based Discount
T00552,2024-07-05,S003,Packaging,495,421.57,208677.15,Fixed
T00553,2024-07-06,S048,Logistics,124,388.68,48196.32,Fixed
T00554,2024-07-07,S024,IT Services,990,122.73,121502.7,Volume-based Discount
T00555,2024-07-08,S042,IT Services,568,74.35,42230.8,Fixed
T00556,2024-07-09,S021,IT Services,583,435.35,253809.05,Pay-as-you-go
T00557,2024-07-10,S004,Packaging,664,481.99,320041.36,Volume-based Discount
T00558,2024-07-11,S032,Raw Materials,250,25.34,6335.0,Volume-based Discount
T00559,2024-07-12,S003,Manufacturing,243,368.32,89501.76,Volume-based Discount
T00560,2024-07-13,S008,IT Services,668,455.67,304387.56,Pay-as-you-go
T00561,2024-07-14,S029,Manufacturing,138,430.11,59355.18,Pay-as-you-go
T00562,2024-07-15,S016,Packaging,208,482.62,100384.96,Fixed
T00563,2024-07-16,S050,Packaging,792,382.45,302900.4,Pay-as-you-go
T00564,2024-07-17,S006,Raw Materials,141,226.73,31968.93,Pay-as-you-go
T00565,2024-07-18,S039,IT Services,285,162.86,46415.1,Pay-as-you-go
T00566,2024-07-19,S031,Manufacturing,497,167.16,83078.52,Fixed
T00567,2024-07-20,S040,Logistics,322,364.97,117520.34,Fixed
T00568,2024-07-21,S012,IT Services,733,375.46,275212.18,Volume-based Discount
T00569,2024-07-22,S027,IT Services,232,108.18,25097.76,Volume-based Discount
T00570,2024-07-23,S023,Manufacturing,262,435.38,114069.56,Volume-based Discount
T00571,2024-07-24,S023,IT Services,314,360.31,113137.34,Fixed
T00572,2024-07-25,S044,Manufacturing,832,285.75,237744.0,Pay-as-you-go
T00573,2024-07-26,S050,Logistics,334,241.05,80510.7,Pay-as-you-go
T00574,2024-07-27,S016,Logistics,942,276.18,260161.56,Fixed
T00575,2024-07-28,S032,Packaging,757,88.03,66638.71,Pay-as-you-go
T00576,2024-07-29,S031,IT Services,850,109.81,93338.5,Pay-as-you-go
T00577,2024-07-30,S038,IT Services,687,54.67,37558.29,Fixed
T00578,2024-07-31,S048,Raw Materials,108,85.29,9211.32,Pay-as-you-go
T00579,2024-08-01,S011,IT Services,173,232.31,40189.63,Volume-based Discount
T00580,2024-08-02,S011,Raw Materials,591,269.87,159493.17,Pay-as-you-go
T00581,2024-08-03,S034,IT Services,352,18.75,6600.0,Pay-as-you-go
T00582,2024-08-04,S008,Logistics,329,400.43,131741.47,Fixed
T00583,2024-08-05,S009,Packaging,618,154.14,95258.52,Fixed
T00584,2024-08-06,S004,Manufacturing,273,456.8,124706.4,Pay-as-you-go
T00585,2024-08-07,S001,Logistics,752,484.08,364028.16,Fixed
T00586,2024-08-08,S023,Raw Materials,267,100.87,26932.29,Pay-as-you-go
T00587,2024-08-09,S030,Manufacturing,269,236.43,63599.67,Pay-as-you-go
T00588,2024-08-10,S015,Packaging,492,10.6,5215.2,Fixed
T00589,2024-08-11,S012,Logistics,894,303.18,271042.92,Pay-as-you-go
T00590,2024-08-12,S036,Packaging,733,307.58,225456.14,Fixed
T00591,2024-08-13,S036,Manufacturing,293,131.29,38467.97,Fixed
T00592,2024-08-14,S023,Logistics,616,283.62,174709.92,Pay-as-you-go
T00593,2024-08-15,S035,Raw Materials,128,120.51,15425.28,Volume-based Discount
T00594,2024-08-16,S047,IT Services,264,88.8,23443.2,Fixed
T00595,2024-08-17,S040,IT Services,521,329.24,171534.04,Volume-based Discount
T00596,2024-08-18,S032,Raw Materials,438,169.7,74328.6,Volume-based Discount
T00597,2024-08-19,S034,Raw Materials,747,299.23,223524.81,Volume-based Discount
T00598,2024-08-20,S047,Packaging,595,222.29,132262.55,Volume-based Discount
T00599,2024-08-21,S022,IT Services,464,492.33,228441.12,Volume-based Discount
T00600,2024-08-22,S028,IT Services,932,83.29,77626.28,Fixed
T00601,2024-08-23,S033,Logistics,441,237.65,104803.65,Fixed
T00602,2024-08-24,S046,IT Services,599,343.42,205708.58,Volume-based Discount
T00603,2024-08-25,S042,Packaging,756,203.82,154087.92,Pay-as-you-go
T00604,2024-08-26,S004,Logistics,610,487.6,297436.0,Fixed
T00605,2024-08-27,S009,Raw Materials,426,363.72,154944.72,Volume-based Discount
T00606,2024-08-28,S016,Manufacturing,316,331.92,104886.72,Fixed
T00607,2024-08-29,S038,Logistics,400,380.96,152384.0,Pay-as-you-go
T00608,2024-08-30,S029,Packaging,231,476.8,110140.8,Fixed
T00609,2024-08-31,S015,Packaging,903,454.83,410711.49,Volume-based Discount
T00610,2024-09-01,S007,Manufacturing,169,364.9,61668.1,Volume-based Discount
T00611,2024-09-02,S035,IT Services,351,377.09,132358.59,Fixed
T00612,2024-09-03,S035,Logistics,514,81.5,41891.0,Pay-as-you-go
T00613,2024-09-04,S048,Packaging,886,60.37,53487.82,Pay-as-you-go
T00614,2024-09-05,S026,Manufacturing,544,289.74,157618.56,Volume-based Discount
T00615,2024-09-06,S025,Packaging,975,19.0,18525.0,Pay-as-you-go
T00616,2024-09-07,S005,Logistics,281,246.35,69224.35,Pay-as-you-go
T00617,2024-09-08,S002,Manufacturing,266,113.07,30076.62,Volume-based Discount
T00618,2024-09-09,S022,IT Services,190,179.55,34114.5,Fixed
T00619,2024-09-10,S017,Logistics,813,390.14,317183.82,Volume-based Discount
T00620,2024-09-11,S013,Logistics,957,471.21,450947.97,Pay-as-you-go
T00621,2024-09-12,S005,Logistics,630,45.48,28652.4,Fixed
T00622,2024-09-13,S049,Raw Materials,138,271.78,37505.64,Fixed
T00623,2024-09-14,S042,IT Services,225,442.44,99549.0,Volume-based Discount
T00624,2024-09-15,S029,Manufacturing,550,50.43,27736.5,Volume-based Discount
T00625,2024-09-16,S048,Logistics,272,414.01,112610.72,Pay-as-you-go
T00626,2024-09-17,S050,Logistics,752,185.32,139360.64,Fixed
T00627,2024-09-18,S034,IT Services,853,167.83,143158.99,Pay-as-you-go
T00628,2024-09-19,S014,Logistics,319,488.96,155978.24,Pay-as-you-go
T00629,2024-09-20,S003,IT Services,737,108.42,79905.54,Pay-as-you-go
T00630,2024-09-21,S038,Raw Materials,157,349.67,54898.19,Fixed
T00631,2024-09-22,S024,Logistics,759,412.51,313095.09,Volume-based Discount
T00632,2024-09-23,S033,Logistics,575,30.18,17353.5,Fixed
T00633,2024-09-24,S046,Manufacturing,555,338.49,187861.95,Pay-as-you-go
T00634,2024-09-25,S010,Raw Materials,928,476.26,441969.28,Fixed
T00635,2024-09-26,S030,Logistics,994,70.87,70444.78,Volume-based Discount
T00636,2024-09-27,S032,Raw Materials,460,449.15,206609.0,Fixed
T00637,2024-09-28,S025,Manufacturing,100,301.44,30144.0,Fixed
T00638,2024-09-29,S005,Raw Materials,486,312.14,151700.04,Volume-based Discount
T00639,2024-09-30,S018,Raw Materials,447,310.34,138721.98,Fixed
T00640,2024-10-01,S017,Packaging,289,156.43,45208.27,Volume-based Discount
T00641,2024-10-02,S034,Raw Materials,604,468.25,282823.0,Volume-based Discount
T00642,2024-10-03,S043,Logistics,290,474.2,137518.0,Volume-based Discount
T00643,2024-10-04,S017,IT Services,607,316.4,192054.8,Volume-based Discount
T00644,2024-10-05,S035,Logistics,468,393.88,184335.84,Pay-as-you-go
T00645,2024-10-06,S015,Manufacturing,508,310.01,157485.08,Fixed
T00646,2024-10-07,S048,Manufacturing,923,247.36,228313.28,Pay-as-you-go
T00647,2024-10-08,S041,Logistics,216,333.8,72100.8,Pay-as-you-go
T00648,2024-10-09,S028,Raw Materials,233,280.97,65466.01,Fixed
T00649,2024-10-10,S023,Raw Materials,157,302.76,47533.32,Fixed
T00650,2024-10-11,S016,Packaging,655,394.08,258122.4,Volume-based Discount
T00651,2024-10-12,S017,Packaging,784,245.64,192581.76,Fixed
T00652,2024-10-13,S049,Logistics,771,29.97,23106.87,Volume-based Discount
T00653,2024-10-14,S021,IT Services,272,90.36,24577.92,Pay-as-you-go
T00654,2024-10-15,S026,Packaging,928,224.92,208725.76,Pay-as-you-go
T00655,2024-10-16,S050,Raw Materials,914,365.17,333765.38,Pay-as-you-go
T00656,2024-10-17,S033,Manufacturing,248,300.71,74576.08,Fixed
T00657,2024-10-18,S028,Packaging,179,328.64,58826.56,Volume-based Discount
T00658,2024-10-19,S021,Packaging,985,244.85,241177.25,Pay-as-you-go
T00659,2024-10-20,S010,Logistics,312,311.71,97253.52,Pay-as-you-go
T00660,2024-10-21,S019,Logistics,302,171.22,51708.44,Fixed
T00661,2024-10-22,S038,Logistics,863,240.39,207456.57,Volume-based Discount
T00662,2024-10-23,S032,Logistics,328,374.7,122901.6,Fixed
T00663,2024-10-24,S038,Logistics,775,437.2,338830.0,Volume-based Discount
T00664,2024-10-25,S011,Raw Materials,326,222.49,72531.74,Fixed
T00665,2024-10-26,S028,Packaging,758,31.39,23793.62,Pay-as-you-go
T00666,2024-10-27,S047,IT Services,631,89.22,56297.82,Pay-as-you-go
T00667,2024-10-28,S022,Packaging,540,20.22,10918.8,Fixed
T00668,2024-10-29,S035,Manufacturing,501,330.1,165380.1,Pay-as-you-go
T00669,2024-10-30,S007,Packaging,146,172.83,25233.18,Pay-as-you-go
T00670,2024-10-31,S049,Packaging,332,275.81,91568.92,Volume-based Discount
T00671,2024-11-01,S031,Packaging,404,251.71,101690.84,Pay-as-you-go
T00672,2024-11-02,S012,Logistics,625,49.95,31218.75,Volume-based Discount
T00673,2024-11-03,S008,Packaging,242,207.6,50239.2,Pay-as-you-go
T00674,2024-11-04,S028,Packaging,514,118.07,60687.98,Fixed
T00675,2024-11-05,S028,Manufacturing,612,215.02,131592.24,Fixed
T00676,2024-11-06,S005,Logistics,472,109.75,51802.0,Fixed
T00677,2024-11-07,S050,Packaging,665,421.82,280510.3,Pay-as-you-go
T00678,2024-11-08,S046,Raw Materials,985,95.35,93919.75,Fixed
T00679,2024-11-09,S024,Logistics,358,480.78,172119.24,Volume-based Discount
T00680,2024-11-10,S006,Packaging,755,213.79,161411.45,Volume-based Discount
T00681,2024-11-11,S042,Manufacturing,570,424.66,242056.2,Pay-as-you-go
T00682,2024-11-12,S025,Manufacturing,111,318.09,35307.99,Fixed
T00683,2024-11-13,S036,Manufacturing,429,370.32,158867.28,Fixed
T00684,2024-11-14,S026,Manufacturing,835,386.18,322460.3,Fixed
T00685,2024-11-15,S014,Packaging,883,257.37,227257.71,Pay-as-you-go
T00686,2024-11-16,S042,Packaging,457,276.22,126232.54,Pay-as-you-go
T00687,2024-11-17,S050,Logistics,507,261.86,132763.02,Pay-as-you-go
T00688,2024-11-18,S013,Packaging,767,298.15,228681.05,Fixed
T00689,2024-11-19,S028,IT Services,472,24.4,11516.8,Fixed
T00690,2024-11-20,S020,Packaging,107,203.8,21806.6,Fixed
T00691,2024-11-21,S047,IT Services,221,307.03,67853.63,Fixed
T00692,2024-11-22,S026,Packaging,447,302.88,135387.36,Pay-as-you-go
T00693,2024-11-23,S044,IT Services,775,398.55,308876.25,Volume-based Discount
T00694,2024-11-24,S044,Manufacturing,189,330.95,62549.55,Fixed
T00695,2024-11-25,S014,Logistics,747,496.15,370624.05,Fixed
T00696,2024-11-26,S040,Raw Materials,797,149.09,118824.73,Volume-based Discount
T00697,2024-11-27,S021,Logistics,415,185.98,77181.7,Volume-based Discount
T00698,2024-11-28,S047,IT Services,277,198.09,54870.93,Volume-based Discount
T00699,2024-11-29,S026,Packaging,639,238.25,152241.75,Pay-as-you-go
T00700,2024-11-30,S042,Logistics,831,419.64,348720.84,Fixed
T00701,2024-12-01,S015,IT Services,968,125.54,121522.72,Fixed
T00702,2024-12-02,S015,Logistics,140,390.24,54633.6,Fixed
T00703,2024-12-03,S030,Raw Materials,839,208.6,175015.4,Fixed
T00704,2024-12-04,S050,IT Services,803,304.91,244842.73,Fixed
T00705,2024-12-05,S025,Logistics,601,319.94,192283.94,Pay-as-you-go
T00706,2024-12-06,S008,Raw Materials,244,192.7,47018.8,Pay-as-you-go
T00707,2024-12-07,S027,Logistics,300,261.18,78354.0,Pay-as-you-go
T00708,2024-12-08,S018,Raw Materials,823,212.39,174796.97,Fixed
T00709,2024-12-09,S028,IT Services,560,43.88,24572.8,Pay-as-you-go
T00710,2024-12-10,S028,Manufacturing,831,224.21,186318.51,Fixed
T00711,2024-12-11,S023,IT Services,851,57.72,49119.72,Fixed
T00712,2024-12-12,S017,Manufacturing,657,208.46,136958.22,Fixed
T00713,2024-12-13,S010,Manufacturing,646,300.53,194142.38,Volume-based Discount
T00714,2024-12-14,S035,IT Services,352,293.91,103456.32,Volume-based Discount
T00715,2024-12-15,S029,Raw Materials,489,334.68,163658.52,Pay-as-you-go
T00716,2024-12-16,S012,Manufacturing,693,56.68,39279.24,Fixed
T00717,2024-12-17,S039,Packaging,982,329.54,323608.28,Pay-as-you-go
T00718,2024-12-18,S003,Logistics,355,162.95,57847.25,Fixed
T00719,2024-12-19,S038,Manufacturing,808,205.53,166068.24,Volume-based Discount
T00720,2024-12-20,S036,Raw Materials,914,430.41,393394.74,Volume-based Discount
T00721,2024-12-21,S041,IT Services,549,14.42,7916.58,Pay-as-you-go
T00722,2024-12-22,S020,IT Services,109,298.32,32516.88,Fixed
T00723,2024-12-23,S034,Logistics,923,303.37,280010.51,Volume-based Discount
T00724,2024-12-24,S042,Manufacturing,897,204.36,183310.92,Pay-as-you-go
T00725,2024-12-25,S050,Manufacturing,341,126.14,43013.74,Fixed
T00726,2024-12-26,S025,Raw Materials,350,124.99,43746.5,Fixed
T00727,2024-12-27,S002,Manufacturing,976,443.02,432387.52,Pay-as-you-go
T00728,2024-12-28,S026,Raw Materials,104,226.59,23565.36,Pay-as-you-go
T00729,2024-12-29,S030,Manufacturing,218,172.14,37526.52,Fixed
T00730,2024-12-30,S044,Manufacturing,900,229.9,206910.0,Pay-as-you-go
T00731,2024-12-31,S044,Packaging,473,338.0,159874.0,Volume-based Discount
T00732,2025-01-01,S023,IT Services,164,81.42,13352.88,Volume-based Discount
T00733,2025-01-02,S027,Manufacturing,245,230.22,56403.9,Volume-based Discount
T00734,2025-01-03,S023,Manufacturing,323,298.06,96273.38,Volume-based Discount
T00735,2025-01-04,S037,Manufacturing,338,474.81,160485.78,Fixed
T00736,2025-01-05,S021,Manufacturing,276,133.74,36912.24,Pay-as-you-go
T00737,2025-01-06,S033,Raw Materials,878,186.03,163334.34,Fixed
T00738,2025-01-07,S008,IT Services,952,195.89,186487.28,Fixed
T00739,2025-01-08,S024,Raw Materials,381,306.71,116856.51,Pay-as-you-go
T00740,2025-01-09,S049,Manufacturing,162,184.8,29937.6,Volume-based Discount
T00741,2025-01-10,S017,Packaging,316,271.42,85768.72,Fixed
T00742,2025-01-11,S035,Manufacturing,953,393.08,374605.24,Pay-as-you-go
T00743,2025-01-12,S033,IT Services,926,355.64,329322.64,Pay-as-you-go
T00744,2025-01-13,S043,IT Services,894,228.72,204475.68,Fixed
T00745,2025-01-14,S043,Manufacturing,788,433.47,341574.36,Fixed
T00746,2025-01-15,S043,Manufacturing,560,283.49,158754.4,Volume-based Discount
T00747,2025-01-16,S020,IT Services,709,274.55,194655.95,Fixed
T00748,2025-01-17,S016,Raw Materials,204,26.75,5457.0,Volume-based Discount
T00749,2025-01-18,S036,Raw Materials,198,493.48,97709.04,Pay-as-you-go
T00750,2025-01-19,S038,Raw Materials,610,70.26,42858.6,Volume-based Discount
T00751,2025-01-20,S044,IT Services,484,123.25,59653.0,Fixed
T00752,2025-01-21,S002,Packaging,504,35.33,17806.32,Pay-as-you-go
T00753,2025-01-22,S004,Raw Materials,922,323.6,298359.2,Fixed
T00754,2025-01-23,S032,Logistics,617,120.1,74101.7,Fixed
T00755,2025-01-24,S047,Logistics,575,98.21,56470.75,Fixed
T00756,2025-01-25,S050,IT Services,808,53.39,43139.12,Fixed
T00757,2025-01-26,S038,Logistics,962,60.62,58316.44,Pay-as-you-go
T00758,2025-01-27,S022,Raw Materials,744,296.49,220588.56,Fixed
T00759,2025-01-28,S005,Manufacturing,969,347.22,336456.18,Volume-based Discount
T00760,2025-01-29,S032,Manufacturing,870,204.72,178106.4,Fixed
T00761,2025-01-30,S044,Manufacturing,536,245.15,131400.4,Fixed
T00762,2025-01-31,S023,IT Services,122,346.12,42226.64,Volume-based Discount
T00763,2025-02-01,S035,Raw Materials,664,18.52,12297.28,Volume-based Discount
T00764,2025-02-02,S046,Logistics,776,168.33,130624.08,Fixed
T00765,2025-02-03,S003,Raw Materials,813,486.82,395784.66,Fixed
T00766,2025-02-04,S040,Raw Materials,557,294.25,163897.25,Fixed
T00767,2025-02-05,S015,Packaging,182,134.57,24491.74,Fixed
T00768,2025-02-06,S019,Packaging,244,265.65,64818.6,Pay-as-you-go
T00769,2025-02-07,S008,Packaging,184,177.9,32733.6,Volume-based Discount
T00770,2025-02-08,S027,Packaging,177,270.8,47931.6,Volume-based Discount
T00771,2025-02-09,S029,Logistics,556,71.61,39815.16,Pay-as-you-go
T00772,2025-02-10,S040,Manufacturing,977,75.03,73304.31,Pay-as-you-go
T00773,2025-02-11,S009,Packaging,100,80.34,8034.0,Pay-as-you-go
T00774,2025-02-12,S004,Logistics,150,470.51,70576.5,Pay-as-you-go
T00775,2025-02-13,S044,Raw Materials,784,369.12,289390.08,Volume-based Discount
T00776,2025-02-14,S031,Logistics,816,89.57,73089.12,Volume-based Discount
T00777,2025-02-15,S013,Logistics,871,102.29,89094.59,Volume-based Discount
T00778,2025-02-16,S046,Raw Materials,545,368.11,200619.95,Pay-as-you-go
T00779,2025-02-17,S008,Raw Materials,548,86.52,47412.96,Volume-based Discount
T00780,2025-02-18,S024,Packaging,980,124.94,122441.2,Volume-based Discount
T00781,2025-02-19,S013,IT Services,587,482.04,282957.48,Fixed
T00782,2025-02-20,S013,IT Services,899,135.1,121454.9,Fixed
T00783,2025-02-21,S001,Manufacturing,133,334.2,44448.6,Fixed
T00784,2025-02-22,S041,Logistics,447,489.53,218819.91,Pay-as-you-go
T00785,2025-02-23,S046,Packaging,194,193.41,37521.54,Pay-as-you-go
T00786,2025-02-24,S034,Raw Materials,171,18.58,3177.18,Fixed
T00787,2025-02-25,S008,Manufacturing,650,129.63,84259.5,Pay-as-you-go
T00788,2025-02-26,S023,Packaging,253,417.13,105533.89,Volume-based Discount
T00789,2025-02-27,S018,Logistics,349,433.66,151347.34,Pay-as-you-go
T00790,2025-02-28,S030,Packaging,773,386.57,298818.61,Pay-as-you-go
T00791,2025-03-01,S032,Raw Materials,537,65.42,35130.54,Pay-as-you-go
T00792,2025-03-02,S022,Raw Materials,217,399.8,86756.6,Fixed
T00793,2025-03-03,S013,Logistics,870,460.15,400330.5,Volume-based Discount
T00794,2025-03-04,S043,Logistics,990,304.3,301257.0,Fixed
T00795,2025-03-05,S010,IT Services,405,471.03,190767.15,Pay-as-you-go
T00796,2025-03-06,S020,IT Services,367,415.15,152360.05,Pay-as-you-go
T00797,2025-03-07,S025,IT Services,153,336.82,51533.46,Fixed
T00798,2025-03-08,S012,IT Services,335,292.82,98094.7,Pay-as-you-go
T00799,2025-03-09,S029,Logistics,488,180.8,88230.4,Fixed
T00800,2025-03-10,S029,Packaging,833,88.05,73345.65,Pay-as-you-go
T00801,2025-03-11,S050,Packaging,862,306.43,264142.66,Pay-as-you-go
T00802,2025-03-12,S015,Logistics,924,165.87,153263.88,Volume-based Discount
T00803,2025-03-13,S049,Manufacturing,500,434.55,217275.0,Pay-as-you-go
T00804,2025-03-14,S033,Raw Materials,723,496.74,359143.02,Pay-as-you-go
T00805,2025-03-15,S014,IT Services,866,378.69,327945.54,Fixed
T00806,2025-03-16,S029,Logistics,402,54.34,21844.68,Volume-based Discount
T00807,2025-03-17,S035,Raw Materials,306,151.46,46346.76,Pay-as-you-go
T00808,2025-03-18,S038,IT Services,328,63.46,20814.88,Pay-as-you-go
T00809,2025-03-19,S003,Raw Materials,952,328.75,312970.0,Pay-as-you-go
T00810,2025-03-20,S031,IT Services,677,384.94,260604.38,Fixed
T00811,2025-03-21,S025,IT Services,174,463.58,80662.92,Pay-as-you-go
T00812,2025-03-22,S046,IT Services,534,224.7,119989.8,Pay-as-you-go
T00813,2025-03-23,S015,Raw Materials,202,451.67,91237.34,Volume-based Discount
T00814,2025-03-24,S040,Packaging,521,440.17,229328.57,Volume-based Discount
T00815,2025-03-25,S031,IT Services,803,165.43,132840.29,Fixed
T00816,2025-03-26,S018,Raw Materials,863,435.76,376060.88,Pay-as-you-go
T00817,2025-03-27,S032,Packaging,837,194.08,162444.96,Pay-as-you-go
T00818,2025-03-28,S032,IT Services,905,155.47,140700.35,Volume-based Discount
T00819,2025-03-29,S034,Raw Materials,405,328.05,132860.25,Fixed
T00820,2025-03-30,S037,IT Services,197,170.91,33669.27,Volume-based Discount
T00821,2025-03-31,S033,Manufacturing,949,318.8,302541.2,Fixed
T00822,2025-04-01,S042,IT Services,897,308.82,277011.54,Fixed
T00823,2025-04-02,S032,IT Services,434,286.09,124163.06,Fixed
T00824,2025-04-03,S046,IT Services,958,196.41,188160.78,Volume-based Discount
T00825,2025-04-04,S033,Raw Materials,534,278.76,148857.84,Fixed
T00826,2025-04-05,S016,IT Services,546,302.28,165044.88,Pay-as-you-go
T00827,2025-04-06,S023,Manufacturing,407,277.39,112897.73,Fixed
T00828,2025-04-07,S029,Logistics,348,227.77,79263.96,Fixed
T00829,2025-04-08,S037,Packaging,265,17.19,4555.35,Pay-as-you-go
T00830,2025-04-09,S005,Manufacturing,580,297.66,172642.8,Pay-as-you-go
T00831,2025-04-10,S015,Logistics,434,92.54,40162.36,Pay-as-you-go
T00832,2025-04-11,S038,IT Services,641,324.86,208235.26,Fixed
T00833,2025-04-12,S009,Raw Materials,858,382.08,327824.64,Fixed
T00834,2025-04-13,S007,Packaging,205,255.22,52320.1,Volume-based Discount
T00835,2025-04-14,S027,Raw Materials,662,275.76,182553.12,Pay-as-you-go
T00836,2025-04-15,S049,Manufacturing,180,476.22,85719.6,Pay-as-you-go
T00837,2025-04-16,S027,Manufacturing,232,425.11,98625.52,Pay-as-you-go
T00838,2025-04-17,S046,Raw Materials,896,457.98,410350.08,Pay-as-you-go
T00839,2025-04-18,S042,Manufacturing,999,408.75,408341.25,Pay-as-you-go
T00840,2025-04-19,S013,Raw Materials,237,63.37,15018.69,Volume-based Discount
T00841,2025-04-20,S042,IT Services,283,83.01,23491.83,Pay-as-you-go
T00842,2025-04-21,S025,Logistics,500,268.05,134025.0,Volume-based Discount
T00843,2025-04-22,S041,Logistics,429,130.57,56014.53,Fixed
T00844,2025-04-23,S038,Manufacturing,884,243.58,215324.72,Fixed
T00845,2025-04-24,S017,Logistics,607,203.24,123366.68,Fixed
T00846,2025-04-25,S006,IT Services,951,279.21,265528.71,Fixed
T00847,2025-04-26,S049,Manufacturing,168,375.97,63162.96,Pay-as-you-go
T00848,2025-04-27,S008,Packaging,645,360.59,232580.55,Pay-as-you-go
T00849,2025-04-28,S049,Manufacturing,873,265.4,231694.2,Pay-as-you-go
T00850,2025-04-29,S044,Manufacturing,152,412.97,62771.44,Volume-based Discount
T00851,2025-04-30,S037,Packaging,549,221.12,121394.88,Fixed
T00852,2025-05-01,S049,Logistics,304,449.39,136614.56,Pay-as-you-go
T00853,2025-05-02,S049,Logistics,225,44.93,10109.25,Pay-as-you-go
T00854,2025-05-03,S041,IT Services,846,477.78,404201.88,Pay-as-you-go
T00855,2025-05-04,S019,Logistics,142,330.8,46973.6,Pay-as-you-go
T00856,2025-05-05,S040,Packaging,851,196.24,167000.24,Fixed
T00857,2025-05-06,S001,Raw Materials,982,106.61,104691.02,Volume-based Discount
T00858,2025-05-07,S027,IT Services,210,244.8,51408.0,Fixed
T00859,2025-05-08,S023,IT Services,860,105.33,90583.8,Fixed
T00860,2025-05-09,S034,Logistics,762,91.5,69723.0,Pay-as-you-go
T00861,2025-05-10,S034,Packaging,282,312.5,88125.0,Fixed
T00862,2025-05-11,S030,Raw Materials,947,266.31,252195.57,Pay-as-you-go
T00863,2025-05-12,S042,Raw Materials,194,338.35,65639.9,Pay-as-you-go
T00864,2025-05-13,S048,Packaging,473,465.51,220186.23,Pay-as-you-go
T00865,2025-05-14,S006,Logistics,619,270.81,167631.39,Volume-based Discount
T00866,2025-05-15,S012,IT Services,999,294.66,294365.34,Pay-as-you-go
T00867,2025-05-16,S002,IT Services,459,53.92,24749.28,Pay-as-you-go
T00868,2025-05-17,S045,Manufacturing,999,361.64,361278.36,Fixed
T00869,2025-05-18,S029,Packaging,795,205.95,163730.25,Volume-based Discount
T00870,2025-05-19,S046,Packaging,380,488.6,185668.0,Pay-as-you-go
T00871,2025-05-20,S012,Packaging,294,413.36,121527.84,Pay-as-you-go
T00872,2025-05-21,S004,Manufacturing,963,266.02,256177.26,Fixed
T00873,2025-05-22,S042,Logistics,294,70.38,20691.72,Volume-based Discount
T00874,2025-05-23,S046,Raw Materials,766,431.11,330230.26,Pay-as-you-go
T00875,2025-05-24,S016,Manufacturing,192,401.89,77162.88,Fixed
T00876,2025-05-25,S021,IT Services,771,100.45,77446.95,Pay-as-you-go
T00877,2025-05-26,S007,Logistics,160,154.69,24750.4,Fixed
T00878,2025-05-27,S048,Manufacturing,733,398.77,292298.41,Pay-as-you-go
T00879,2025-05-28,S016,Raw Materials,150,100.76,15114.0,Fixed
T00880,2025-05-29,S025,Packaging,502,459.7,230769.4,Pay-as-you-go
T00881,2025-05-30,S005,Raw Materials,888,218.02,193601.76,Fixed
T00882,2025-05-31,S045,Raw Materials,104,52.65,5475.6,Pay-as-you-go
T00883,2025-06-01,S007,IT Services,565,409.72,231491.8,Volume-based Discount
T00884,2025-06-02,S023,Logistics,703,193.02,135693.06,Pay-as-you-go
T00885,2025-06-03,S034,Raw Materials,781,267.98,209292.38,Volume-based Discount
T00886,2025-06-04,S038,Logistics,928,65.03,60347.84,Fixed
T00887,2025-06-05,S048,IT Services,633,11.27,7133.91,Fixed
T00888,2025-06-06,S021,Packaging,504,322.61,162595.44,Fixed
T00889,2025-06-07,S038,Packaging,937,262.44,245906.28,Fixed
T00890,2025-06-08,S008,Manufacturing,612,300.83,184107.96,Fixed
T00891,2025-06-09,S021,Raw Materials,744,398.93,296803.92,Fixed
T00892,2025-06-10,S005,IT Services,332,326.84,108510.88,Volume-based Discount
T00893,2025-06-11,S025,Packaging,623,95.64,59583.72,Pay-as-you-go
T00894,2025-06-12,S021,Manufacturing,445,186.78,83117.1,Pay-as-you-go
T00895,2025-06-13,S048,Logistics,145,453.89,65814.05,Pay-as-you-go
T00896,2025-06-14,S002,Packaging,645,387.27,249789.15,Volume-based Discount
T00897,2025-06-15,S019,IT Services,177,282.75,50046.75,Volume-based Discount
T00898,2025-06-16,S023,Logistics,829,135.27,112138.83,Volume-based Discount
T00899,2025-06-17,S048,Packaging,912,158.01,144105.12,Fixed
T00900,2025-06-18,S043,Packaging,172,368.66,63409.52,Volume-based Discount
T00901,2025-06-19,S005,Raw Materials,893,427.08,381382.44,Pay-as-you-go
T00902,2025-06-20,S035,Logistics,348,339.0,117972.0,Volume-based Discount
T00903,2025-06-21,S028,Packaging,146,406.67,59373.82,Pay-as-you-go
T00904,2025-06-22,S049,Packaging,220,385.66,84845.2,Fixed
T00905,2025-06-23,S018,Raw Materials,313,83.35,26088.55,Fixed
T00906,2025-06-24,S020,Manufacturing,338,217.73,73592.74,Pay-as-you-go
T00907,2025-06-25,S010,Manufacturing,155,84.96,13168.8,Fixed
T00908,2025-06-26,S007,Manufacturing,449,125.27,56246.23,Fixed
T00909,2025-06-27,S043,Logistics,206,435.94,89803.64,Pay-as-you-go
T00910,2025-06-28,S023,IT Services,930,241.72,224799.6,Fixed
T00911,2025-06-29,S034,IT Services,147,272.33,40032.51,Fixed
T00912,2025-06-30,S033,Manufacturing,672,97.44,65479.68,Volume-based Discount
T00913,2025-07-01,S030,Manufacturing,436,163.01,71072.36,Pay-as-you-go
T00914,2025-07-02,S002,Logistics,125,122.82,15352.5,Volume-based Discount
T00915,2025-07-03,S040,Logistics,903,111.03,100260.09,Pay-as-you-go
T00916,2025-07-04,S013,Packaging,356,322.6,114845.6,Fixed
T00917,2025-07-05,S007,IT Services,107,135.87,14538.09,Volume-based Discount
T00918,2025-07-06,S029,Raw Materials,724,319.69,231455.56,Volume-based Discount
T00919,2025-07-07,S004,Packaging,966,38.64,37326.24,Volume-based Discount
T00920,2025-07-08,S039,Logistics,352,79.47,27973.44,Fixed
T00921,2025-07-09,S011,IT Services,791,144.52,114315.32,Pay-as-you-go
T00922,2025-07-10,S011,Manufacturing,818,302.55,247485.9,Fixed
T00923,2025-07-11,S044,Packaging,402,341.16,137146.32,Pay-as-you-go
T00924,2025-07-12,S017,Logistics,738,226.93,167474.34,Fixed
T00925,2025-07-13,S008,Manufacturing,155,228.44,35408.2,Fixed
T00926,2025-07-14,S046,Manufacturing,825,365.01,301133.25,Fixed
T00927,2025-07-15,S001,IT Services,625,17.75,11093.75,Fixed
T00928,2025-07-16,S043,Manufacturing,573,177.13,101495.49,Pay-as-you-go
T00929,2025-07-17,S008,IT Services,127,411.17,52218.59,Pay-as-you-go
T00930,2025-07-18,S007,Raw Materials,177,305.58,54087.66,Pay-as-you-go
T00931,2025-07-19,S013,Packaging,315,175.24,55200.6,Fixed
T00932,2025-07-20,S009,Packaging,485,453.71,220049.35,Fixed
T00933,2025-07-21,S034,Logistics,464,388.59,180305.76,Fixed
T00934,2025-07-22,S002,Manufacturing,765,139.8,106947.0,Fixed
T00935,2025-07-23,S001,Manufacturing,625,326.19,203868.75,Volume-based Discount
T00936,2025-07-24,S040,Raw Materials,798,301.92,240932.16,Pay-as-you-go
T00937,2025-07-25,S012,Logistics,411,206.58,84904.38,Fixed
T00938,2025-07-26,S017,Raw Materials,982,189.81,186393.42,Volume-based Discount
T00939,2025-07-27,S009,Packaging,106,178.34,18904.04,Volume-based Discount
T00940,2025-07-28,S003,Logistics,102,312.41,31865.82,Fixed
T00941,2025-07-29,S038,Logistics,722,226.78,163735.16,Volume-based Discount
T00942,2025-07-30,S027,Manufacturing,849,417.61,354550.89,Volume-based Discount
T00943,2025-07-31,S038,Raw Materials,462,338.11,156206.82,Fixed
T00944,2025-08-01,S024,Logistics,850,44.27,37629.5,Fixed
T00945,2025-08-02,S039,Logistics,607,323.68,196473.76,Fixed
T00946,2025-08-03,S026,IT Services,373,142.86,53286.78,Fixed
T00947,2025-08-04,S006,IT Services,605,300.48,181790.4,Fixed
T00948,2025-08-05,S026,Manufacturing,905,343.26,310650.3,Pay-as-you-go
T00949,2025-08-06,S048,Packaging,838,123.11,103166.18,Fixed
T00950,2025-08-07,S003,Manufacturing,982,233.86,229650.52,Volume-based Discount
T00951,2025-08-08,S040,Raw Materials,114,103.26,11771.64,Volume-based Discount
T00952,2025-08-09,S044,Manufacturing,291,35.65,10374.15,Volume-based Discount
T00953,2025-08-10,S027,Manufacturing,730,195.45,142678.5,Fixed
T00954,2025-08-11,S023,Raw Materials,584,187.84,109698.56,Volume-based Discount
T00955,2025-08-12,S049,Manufacturing,127,497.79,63219.33,Fixed
T00956,2025-08-13,S004,IT Services,813,228.71,185941.23,Pay-as-you-go
T00957,2025-08-14,S024,Packaging,138,173.45,23936.1,Volume-based Discount
T00958,2025-08-15,S021,Logistics,372,294.43,109527.96,Volume-based Discount
T00959,2025-08-16,S035,Packaging,330,53.5,17655.0,Fixed
T00960,2025-08-17,S025,Manufacturing,185,481.22,89025.7,Volume-based Discount
T00961,2025-08-18,S046,IT Services,573,321.13,184007.49,Fixed
T00962,2025-08-19,S004,Logistics,225,379.87,85470.75,Fixed
T00963,2025-08-20,S005,Packaging,911,93.53,85205.83,Fixed
T00964,2025-08-21,S031,IT Services,636,210.64,133967.04,Pay-as-you-go
T00965,2025-08-22,S004,Packaging,244,217.12,52977.28,Pay-as-you-go
T00966,2025-08-23,S014,Packaging,624,412.69,257518.56,Fixed
T00967,2025-08-24,S032,IT Services,311,10.61,3299.71,Volume-based Discount
T00968,2025-08-25,S028,IT Services,124,157.42,19520.08,Volume-based Discount
T00969,2025-08-26,S017,Raw Materials,679,490.81,333259.99,Pay-as-you-go
T00970,2025-08-27,S050,Manufacturing,493,242.69,119646.17,Volume-based Discount
T00971,2025-08-28,S027,IT Services,166,197.44,32775.04,Volume-based Discount
T00972,2025-08-29,S023,Manufacturing,332,68.72,22815.04,Pay-as-you-go
T00973,2025-08-30,S031,Manufacturing,208,487.34,101366.72,Pay-as-you-go
T00974,2025-08-31,S005,Packaging,245,19.81,4853.45,Volume-based Discount
T00975,2025-09-01,S036,IT Services,210,371.22,77956.2,Volume-based Discount
T00976,2025-09-02,S043,IT Services,327,386.61,126421.47,Pay-as-you-go
T00977,2025-09-03,S033,Packaging,210,129.39,27171.9,Volume-based Discount
T00978,2025-09-04,S039,Raw Materials,569,339.06,192925.14,Pay-as-you-go
T00979,2025-09-05,S037,Packaging,133,55.54,7386.82,Volume-based Discount
T00980,2025-09-06,S011,Manufacturing,722,135.95,98155.9,Fixed
T00981,2025-09-07,S023,IT Services,875,396.07,346561.25,Pay-as-you-go
T00982,2025-09-08,S012,IT Services,468,433.7,202971.6,Pay-as-you-go
T00983,2025-09-09,S017,Raw Materials,847,308.16,261011.52,Volume-based Discount
T00984,2025-09-10,S023,Packaging,694,258.35,179294.9,Pay-as-you-go
T00985,2025-09-11,S021,Packaging,653,88.06,57503.18,Pay-as-you-go
T00986,2025-09-12,S005,Manufacturing,524,40.92,21442.08,Pay-as-you-go
T00987,2025-09-13,S022,IT Services,712,67.65,48166.8,Volume-based Discount
T00988,2025-09-14,S034,Logistics,617,121.41,74909.97,Fixed
T00989,2025-09-15,S019,Logistics,791,177.42,140339.22,Pay-as-you-go
T00990,2025-09-16,S008,Packaging,381,196.65,74923.65,Fixed
T00991,2025-09-17,S047,Manufacturing,419,179.7,75294.3,Pay-as-you-go
T00992,2025-09-18,S004,Manufacturing,837,127.14,106416.18,Pay-as-you-go
T00993,2025-09-19,S042,Logistics,542,259.76,140789.92,Pay-as-you-go
T00994,2025-09-20,S005,IT Services,414,414.39,171557.46,Fixed
T00995,2025-09-21,S005,Raw Materials,976,147.05,143520.8,Volume-based Discount
T00996,2025-09-22,S037,Logistics,840,471.77,396286.8,Pay-as-you-go
T00997,2025-09-23,S041,Raw Materials,476,437.93,208454.68,Volume-based Discount
T00998,2025-09-24,S028,Logistics,388,89.26,34632.88,Pay-as-you-go
T00999,2025-09-25,S030,IT Services,536,395.28,211870.08,Volume-based Discount
T01000,2025-09-26,S029,Manufacturing,761,291.55,221869.55,Pay-as-you-go
